,name,pasType,bufferVal,spacing,minh,distance,tolerance,TruePositives,FalsePositives,FalseNegatives,TrueNegatives
0,2,TE,1,50,5.9401964429016E-07,1,0,7658,6038,869,2489
1,2,IN,1,50,5.9401964429016E-07,1,0,10038,8257,3961,5742
2,2,TE,1,50,1.01653577881272E-06,1,0,7658,6038,869,2489
3,2,IN,1,50,1.01653577881272E-06,1,0,10038,8257,3961,5742
4,2,TE,1,50,1.60930866681816E-06,1,0,7658,6038,869,2489
5,2,IN,1,50,1.60930866681816E-06,1,0,10038,8257,3961,5742
6,2,TE,1,50,2.07791579854369E-06,1,0,7658,6038,869,2489
7,2,IN,1,50,2.07791579854369E-06,1,0,10038,8257,3961,5742
8,2,TE,1,50,2.79033959837797E-06,1,0,7658,6038,869,2489
9,2,IN,1,50,2.79033959837797E-06,1,0,10038,8257,3961,5742
10,2,TE,1,50,3.71708491097636E-06,1,0,7658,6038,869,2489
11,2,IN,1,50,3.71708491097636E-06,1,0,10036,8257,3963,5742
12,2,TE,1,50,4.50595460435467E-06,1,0,7658,6038,869,2489
13,2,IN,1,50,4.50595460435467E-06,1,0,10035,8257,3964,5742
14,2,TE,1,50,8.3219411631684E-06,1,0,7652,6029,875,2498
15,2,IN,1,50,8.3219411631684E-06,1,0,10030,8250,3969,5749
16,2,TE,1,50,1.10189539060863E-05,1,0,7643,6024,884,2503
17,2,IN,1,50,1.10189539060863E-05,1,0,10016,8239,3983,5760
18,2,TE,1,50,1.34023598507481E-05,1,0,7633,6007,894,2520
19,2,IN,1,50,1.34023598507481E-05,1,0,9989,8227,4010,5772
20,2,TE,1,50,1.55044306682279E-05,1,0,7622,5996,905,2531
21,2,IN,1,50,1.55044306682279E-05,1,0,9972,8212,4027,5787
22,2,TE,1,50,1.74710712477528E-05,1,0,7608,5981,919,2546
23,2,IN,1,50,1.74710712477528E-05,1,0,9954,8196,4045,5803
24,2,TE,1,50,1.93668590828671E-05,1,0,7583,5968,944,2559
25,2,IN,1,50,1.93668590828671E-05,1,0,9934,8168,4065,5831
26,2,TE,1,50,2.12282578799769E-05,1,0,7561,5954,966,2573
27,2,IN,1,50,2.12282578799769E-05,1,0,9915,8145,4084,5854
28,2,TE,1,50,2.30797832955432E-05,1,0,7545,5934,982,2593
29,2,IN,1,50,2.30797832955432E-05,1,0,9889,8128,4110,5871
30,2,TE,1,50,2.49376892108038E-05,1,0,7531,5913,996,2614
31,2,IN,1,50,2.49376892108038E-05,1,0,9859,8105,4140,5894
32,2,TE,1,50,2.68150163260749E-05,1,0,7510,5893,1017,2634
33,2,IN,1,50,2.68150163260749E-05,1,0,9823,8077,4176,5922
34,2,TE,1,50,2.87201597183622E-05,1,0,7491,5872,1036,2655
35,2,IN,1,50,2.87201597183622E-05,1,0,9799,8051,4200,5948
36,2,TE,1,50,3.06630362834121E-05,1,0,7471,5850,1056,2677
37,2,IN,1,50,3.06630362834121E-05,1,0,9771,8025,4228,5974
38,2,TE,1,50,3.26514704527524E-05,1,0,7440,5817,1087,2710
39,2,IN,1,50,3.26514704527524E-05,1,0,9751,7995,4248,6004
40,2,TE,1,50,3.46938705011395E-05,1,0,7417,5791,1110,2736
41,2,IN,1,50,3.46938705011395E-05,1,0,9722,7959,4277,6040
42,2,TE,1,50,3.67942413347423E-05,1,0,7388,5765,1139,2762
43,2,IN,1,50,3.67942413347423E-05,1,0,9698,7926,4301,6073
44,2,TE,1,50,3.89615017830839E-05,1,0,7362,5740,1165,2787
45,2,IN,1,50,3.89615017830839E-05,1,0,9667,7888,4332,6111
46,2,TE,1,50,4.12018153236624E-05,1,0,7327,5713,1200,2814
47,2,IN,1,50,4.12018153236624E-05,1,0,9631,7852,4368,6147
48,2,TE,1,50,4.35222704263209E-05,1,0,7309,5690,1218,2837
49,2,IN,1,50,4.35222704263209E-05,1,0,9603,7821,4396,6178
50,2,TE,1,50,4.59306206541746E-05,1,0,7282,5667,1245,2860
51,2,IN,1,50,4.59306206541746E-05,1,0,9571,7783,4428,6216
52,2,TE,1,50,4.84307489109334E-05,1,0,7248,5641,1279,2886
53,2,IN,1,50,4.84307489109334E-05,1,0,9544,7731,4455,6268
54,2,TE,1,50,5.1031574202349E-05,1,0,7228,5604,1299,2923
55,2,IN,1,50,5.1031574202349E-05,1,0,9512,7685,4487,6314
56,2,TE,1,50,5.37386395693521E-05,1,0,7186,5566,1341,2961
57,2,IN,1,50,5.37386395693521E-05,1,0,9483,7635,4516,6364
58,2,TE,1,50,5.65583475379724E-05,1,0,7156,5534,1371,2993
59,2,IN,1,50,5.65583475379724E-05,1,0,9464,7582,4535,6417
60,2,TE,1,50,5.9503553162298E-05,1,0,7135,5498,1392,3029
61,2,IN,1,50,5.9503553162298E-05,1,0,9427,7536,4572,6463
62,2,TE,1,50,6.25808825287215E-05,1,0,7103,5467,1424,3060
63,2,IN,1,50,6.25808825287215E-05,1,0,9364,7487,4635,6512
64,2,TE,1,50,6.5797446331268E-05,1,0,7076,5431,1451,3096
65,2,IN,1,50,6.5797446331268E-05,1,0,9329,7437,4670,6562
66,2,TE,1,50,6.91627942420848E-05,1,0,7039,5395,1488,3132
67,2,IN,1,50,6.91627942420848E-05,1,0,9286,7381,4713,6618
68,2,TE,1,50,7.26826372011691E-05,1,0,6998,5357,1529,3170
69,2,IN,1,50,7.26826372011691E-05,1,0,9250,7324,4749,6675
70,2,TE,1,50,7.63726251628733E-05,1,0,6969,5312,1558,3215
71,2,IN,1,50,7.63726251628733E-05,1,0,9203,7254,4796,6745
72,2,TE,1,50,8.02413126351504E-05,1,0,6928,5267,1599,3260
73,2,IN,1,50,8.02413126351504E-05,1,0,9162,7183,4837,6816
74,2,TE,1,50,8.42929883734482E-05,1,0,6892,5217,1635,3310
75,2,IN,1,50,8.42929883734482E-05,1,0,9118,7118,4881,6881
76,2,TE,1,50,8.85408280925861E-05,1,0,6859,5167,1668,3360
77,2,IN,1,50,8.85408280925861E-05,1,0,9066,7048,4933,6951
78,2,TE,1,50,9.29962951204289E-05,1,0,6824,5117,1703,3410
79,2,IN,1,50,9.29962951204289E-05,1,0,9029,6972,4970,7027
80,2,TE,1,50,9.76699825394582E-05,1,0,6786,5066,1741,3461
81,2,IN,1,50,9.76699825394582E-05,1,0,8977,6899,5022,7100
82,2,TE,1,50,0.000102576075776,1,0,6744,5019,1783,3508
83,2,IN,1,50,0.000102576075776,1,0,8928,6833,5071,7166
84,2,TE,1,50,0.000107726236337,1,0,6706,4975,1821,3552
85,2,IN,1,50,0.000107726236337,1,0,8880,6749,5119,7250
86,2,TE,1,50,0.000113127610021,1,0,6664,4928,1863,3599
87,2,IN,1,50,0.000113127610021,1,0,8827,6684,5172,7315
88,2,TE,1,50,0.00011879367446,1,0,6634,4878,1893,3649
89,2,IN,1,50,0.00011879367446,1,0,8773,6598,5226,7401
90,2,TE,1,50,0.000124745167695,1,0,6597,4823,1930,3704
91,2,IN,1,50,0.000124745167695,1,0,8717,6513,5282,7486
92,2,TE,1,50,0.000130988437288,1,0,6559,4771,1968,3756
93,2,IN,1,50,0.000130988437288,1,0,8670,6430,5329,7569
94,2,TE,1,50,0.000137541339964,1,0,6519,4736,2008,3791
95,2,IN,1,50,0.000137541339964,1,0,8620,6352,5379,7647
96,2,TE,1,50,0.000144407188272,1,0,6470,4668,2057,3859
97,2,IN,1,50,0.000144407188272,1,0,8570,6258,5429,7741
98,2,TE,1,50,0.000151605839599,1,0,6434,4602,2093,3925
99,2,IN,1,50,0.000151605839599,1,0,8518,6176,5481,7823
100,2,TE,1,50,0.00015916267129,1,0,6405,4546,2122,3981
101,2,IN,1,50,0.00015916267129,1,0,8474,6086,5525,7913
102,2,TE,1,50,0.000167082900496,1,0,6367,4476,2160,4051
103,2,IN,1,50,0.000167082900496,1,0,8413,5979,5586,8020
104,2,TE,1,50,0.000175386829792,1,0,6325,4411,2202,4116
105,2,IN,1,50,0.000175386829792,1,0,8351,5867,5648,8132
106,2,TE,1,50,0.000184100105425,1,0,6276,4348,2251,4179
107,2,IN,1,50,0.000184100105425,1,0,8301,5756,5698,8243
108,2,TE,1,50,0.000193227330348,1,0,6231,4285,2296,4242
109,2,IN,1,50,0.000193227330348,1,0,8247,5673,5752,8326
110,2,TE,1,50,0.000202805185741,1,0,6187,4210,2340,4317
111,2,IN,1,50,0.000202805185741,1,0,8191,5556,5808,8443
112,2,TE,1,50,0.000212858582746,1,0,6143,4142,2384,4385
113,2,IN,1,50,0.000212858582746,1,0,8136,5443,5863,8556
114,2,TE,1,50,0.000223401472543,1,0,6100,4075,2427,4452
115,2,IN,1,50,0.000223401472543,1,0,8065,5322,5934,8677
116,2,TE,1,50,0.000234476149762,1,0,6059,4006,2468,4521
117,2,IN,1,50,0.000234476149762,1,0,8002,5225,5997,8774
118,2,TE,1,50,0.000246121082651,1,0,6007,3934,2520,4593
119,2,IN,1,50,0.000246121082651,1,0,7930,5120,6069,8879
120,2,TE,1,50,0.000258348874064,1,0,5966,3855,2561,4672
121,2,IN,1,50,0.000258348874064,1,0,7864,5018,6135,8981
122,2,TE,1,50,0.000271228016892,1,0,5921,3788,2606,4739
123,2,IN,1,50,0.000271228016892,1,0,7791,4899,6208,9100
124,2,TE,1,50,0.000284794286192,1,0,5869,3716,2658,4811
125,2,IN,1,50,0.000284794286192,1,0,7727,4779,6272,9220
126,2,TE,1,50,0.000299090676993,1,0,5822,3645,2705,4882
127,2,IN,1,50,0.000299090676993,1,0,7648,4670,6351,9329
128,2,TE,1,50,0.000314184851275,1,0,5774,3554,2753,4973
129,2,IN,1,50,0.000314184851275,1,0,7586,4565,6413,9434
130,2,TE,1,50,0.000330129344052,1,0,5722,3466,2805,5061
131,2,IN,1,50,0.000330129344052,1,0,7520,4464,6479,9535
132,2,TE,1,50,0.000347026414891,1,0,5666,3369,2861,5158
133,2,IN,1,50,0.000347026414891,1,0,7470,4348,6529,9651
134,2,TE,1,50,0.00036493262881,1,0,5609,3283,2918,5244
135,2,IN,1,50,0.00036493262881,1,0,7404,4245,6595,9754
136,2,TE,1,50,0.000383946288253,1,0,5542,3210,2985,5317
137,2,IN,1,50,0.000383946288253,1,0,7335,4142,6664,9857
138,2,TE,1,50,0.000404200069487,1,0,5502,3141,3025,5386
139,2,IN,1,50,0.000404200069487,1,0,7245,4024,6754,9975
140,2,TE,1,50,0.00042576309473,1,0,5447,3067,3080,5460
141,2,IN,1,50,0.00042576309473,1,0,7169,3908,6830,10091
142,2,TE,1,50,0.000448814286661,1,0,5388,2984,3139,5543
143,2,IN,1,50,0.000448814286661,1,0,7091,3788,6908,10211
144,2,TE,1,50,0.000473492829594,1,0,5342,2897,3185,5630
145,2,IN,1,50,0.000473492829594,1,0,7016,3676,6983,10323
146,2,TE,1,50,0.000500004735817,1,0,5272,2814,3255,5713
147,2,IN,1,50,0.000500004735817,1,0,6945,3542,7054,10457
148,2,TE,1,50,0.000528551519008,1,0,5212,2727,3315,5800
149,2,IN,1,50,0.000528551519008,1,0,6872,3432,7127,10567
150,2,TE,1,50,0.000559396230511,1,0,5168,2637,3359,5890
151,2,IN,1,50,0.000559396230511,1,0,6794,3314,7205,10685
152,2,TE,1,50,0.000592816286901,1,0,5105,2554,3422,5973
153,2,IN,1,50,0.000592816286901,1,0,6721,3182,7278,10817
154,2,TE,1,50,0.000629172145933,1,0,5053,2460,3474,6067
155,2,IN,1,50,0.000629172145933,1,0,6645,3049,7354,10950
156,2,TE,1,50,0.000668890082854,1,0,4993,2377,3534,6150
157,2,IN,1,50,0.000668890082854,1,0,6571,2925,7428,11074
158,2,TE,1,50,0.000712476481704,1,0,4929,2293,3598,6234
159,2,IN,1,50,0.000712476481704,1,0,6476,2793,7523,11206
160,2,TE,1,50,0.000760594314714,1,0,4864,2191,3663,6336
161,2,IN,1,50,0.000760594314714,1,0,6386,2672,7613,11327
162,2,TE,1,50,0.000813930760983,1,0,4793,2089,3734,6438
163,2,IN,1,50,0.000813930760983,1,0,6286,2569,7713,11430
164,2,TE,1,50,0.000873362493104,1,0,4721,1990,3806,6537
165,2,IN,1,50,0.000873362493104,1,0,6195,2445,7804,11554
166,2,TE,1,50,0.000940187015035,1,0,4658,1913,3869,6614
167,2,IN,1,50,0.000940187015035,1,0,6102,2313,7897,11686
168,2,TE,1,50,0.001015783098601,1,0,4571,1804,3956,6723
169,2,IN,1,50,0.001015783098601,1,0,6010,2177,7989,11822
170,2,TE,1,50,0.00110198326551,1,0,4483,1721,4044,6806
171,2,IN,1,50,0.00110198326551,1,0,5919,2044,8080,11955
172,2,TE,1,50,0.001201538362037,1,0,4401,1607,4126,6920
173,2,IN,1,50,0.001201538362037,1,0,5824,1920,8175,12079
174,2,TE,1,50,0.00131762066798,1,0,4306,1508,4221,7019
175,2,IN,1,50,0.00131762066798,1,0,5702,1788,8297,12211
176,2,TE,1,50,0.001454955671649,1,0,4207,1419,4320,7108
177,2,IN,1,50,0.001454955671649,1,0,5590,1638,8409,12361
178,2,TE,1,50,0.001620230337128,1,0,4108,1330,4419,7197
179,2,IN,1,50,0.001620230337128,1,0,5471,1527,8528,12472
180,2,TE,1,50,0.001822836690849,1,0,3997,1206,4530,7321
181,2,IN,1,50,0.001822836690849,1,0,5348,1393,8651,12606
182,2,TE,1,50,0.002077267795618,1,0,3889,1087,4638,7440
183,2,IN,1,50,0.002077267795618,1,0,5204,1259,8795,12740
184,2,TE,1,50,0.002406047242256,1,0,3765,982,4762,7545
185,2,IN,1,50,0.002406047242256,1,0,5046,1109,8953,12890
186,2,TE,1,50,0.002846375048535,1,0,3629,872,4898,7655
187,2,IN,1,50,0.002846375048535,1,0,4870,963,9129,13036
188,2,TE,1,50,0.003464102733837,1,0,3500,738,5027,7789
189,2,IN,1,50,0.003464102733837,1,0,4683,804,9316,13195
190,2,TE,1,50,0.004381964885803,1,0,3324,609,5203,7918
191,2,IN,1,50,0.004381964885803,1,0,4479,680,9520,13319
192,2,TE,1,50,0.005862944543443,1,0,3105,475,5422,8052
193,2,IN,1,50,0.005862944543443,1,0,4251,550,9748,13449
194,2,TE,1,50,0.008576700452046,1,0,2854,359,5673,8168
195,2,IN,1,50,0.008576700452046,1,0,3971,395,10028,13604
196,2,TE,1,50,0.015003258994834,1,0,2470,217,6057,8310
197,2,IN,1,50,0.015003258994834,1,0,3575,216,10424,13783
198,2,TE,1,50,0.489354446203344,1,0,0,0,8527,8527
199,2,IN,1,50,0.489354446203344,1,0,0,0,13999,13999
200,2,TE,1,50,5.9401964429016E-07,25,0,5650,3185,2877,5342
201,2,IN,1,50,5.9401964429016E-07,25,0,5607,2143,8392,11856
202,2,TE,1,50,1.01653577881272E-06,25,0,5650,3185,2877,5342
203,2,IN,1,50,1.01653577881272E-06,25,0,5607,2143,8392,11856
204,2,TE,1,50,1.60930866681816E-06,25,0,5650,3185,2877,5342
205,2,IN,1,50,1.60930866681816E-06,25,0,5607,2143,8392,11856
206,2,TE,1,50,2.07791579854369E-06,25,0,5650,3185,2877,5342
207,2,IN,1,50,2.07791579854369E-06,25,0,5607,2143,8392,11856
208,2,TE,1,50,2.79033959837797E-06,25,0,5650,3185,2877,5342
209,2,IN,1,50,2.79033959837797E-06,25,0,5607,2143,8392,11856
210,2,TE,1,50,3.71708491097636E-06,25,0,5650,3185,2877,5342
211,2,IN,1,50,3.71708491097636E-06,25,0,5606,2143,8393,11856
212,2,TE,1,50,4.50595460435467E-06,25,0,5650,3185,2877,5342
213,2,IN,1,50,4.50595460435467E-06,25,0,5606,2143,8393,11856
214,2,TE,1,50,8.3219411631684E-06,25,0,5647,3184,2880,5343
215,2,IN,1,50,8.3219411631684E-06,25,0,5604,2143,8395,11856
216,2,TE,1,50,1.10189539060863E-05,25,0,5641,3183,2886,5344
217,2,IN,1,50,1.10189539060863E-05,25,0,5599,2142,8400,11857
218,2,TE,1,50,1.34023598507481E-05,25,0,5638,3178,2889,5349
219,2,IN,1,50,1.34023598507481E-05,25,0,5595,2140,8404,11859
220,2,TE,1,50,1.55044306682279E-05,25,0,5631,3168,2896,5359
221,2,IN,1,50,1.55044306682279E-05,25,0,5592,2139,8407,11860
222,2,TE,1,50,1.74710712477528E-05,25,0,5626,3162,2901,5365
223,2,IN,1,50,1.74710712477528E-05,25,0,5582,2133,8417,11866
224,2,TE,1,50,1.93668590828671E-05,25,0,5615,3155,2912,5372
225,2,IN,1,50,1.93668590828671E-05,25,0,5571,2129,8428,11870
226,2,TE,1,50,2.12282578799769E-05,25,0,5600,3147,2927,5380
227,2,IN,1,50,2.12282578799769E-05,25,0,5565,2125,8434,11874
228,2,TE,1,50,2.30797832955432E-05,25,0,5591,3137,2936,5390
229,2,IN,1,50,2.30797832955432E-05,25,0,5551,2123,8448,11876
230,2,TE,1,50,2.49376892108038E-05,25,0,5583,3132,2944,5395
231,2,IN,1,50,2.49376892108038E-05,25,0,5540,2123,8459,11876
232,2,TE,1,50,2.68150163260749E-05,25,0,5573,3128,2954,5399
233,2,IN,1,50,2.68150163260749E-05,25,0,5529,2118,8470,11881
234,2,TE,1,50,2.87201597183622E-05,25,0,5557,3116,2970,5411
235,2,IN,1,50,2.87201597183622E-05,25,0,5522,2115,8477,11884
236,2,TE,1,50,3.06630362834121E-05,25,0,5543,3106,2984,5421
237,2,IN,1,50,3.06630362834121E-05,25,0,5511,2110,8488,11889
238,2,TE,1,50,3.26514704527524E-05,25,0,5526,3086,3001,5441
239,2,IN,1,50,3.26514704527524E-05,25,0,5503,2104,8496,11895
240,2,TE,1,50,3.46938705011395E-05,25,0,5505,3078,3022,5449
241,2,IN,1,50,3.46938705011395E-05,25,0,5492,2098,8507,11901
242,2,TE,1,50,3.67942413347423E-05,25,0,5486,3061,3041,5466
243,2,IN,1,50,3.67942413347423E-05,25,0,5481,2093,8518,11906
244,2,TE,1,50,3.89615017830839E-05,25,0,5473,3052,3054,5475
245,2,IN,1,50,3.89615017830839E-05,25,0,5475,2088,8524,11911
246,2,TE,1,50,4.12018153236624E-05,25,0,5447,3047,3080,5480
247,2,IN,1,50,4.12018153236624E-05,25,0,5457,2080,8542,11919
248,2,TE,1,50,4.35222704263209E-05,25,0,5434,3043,3093,5484
249,2,IN,1,50,4.35222704263209E-05,25,0,5446,2074,8553,11925
250,2,TE,1,50,4.59306206541746E-05,25,0,5421,3028,3106,5499
251,2,IN,1,50,4.59306206541746E-05,25,0,5430,2063,8569,11936
252,2,TE,1,50,4.84307489109334E-05,25,0,5398,3020,3129,5507
253,2,IN,1,50,4.84307489109334E-05,25,0,5419,2059,8580,11940
254,2,TE,1,50,5.1031574202349E-05,25,0,5385,3004,3142,5523
255,2,IN,1,50,5.1031574202349E-05,25,0,5408,2049,8591,11950
256,2,TE,1,50,5.37386395693521E-05,25,0,5358,2982,3169,5545
257,2,IN,1,50,5.37386395693521E-05,25,0,5398,2043,8601,11956
258,2,TE,1,50,5.65583475379724E-05,25,0,5345,2972,3182,5555
259,2,IN,1,50,5.65583475379724E-05,25,0,5386,2034,8613,11965
260,2,TE,1,50,5.9503553162298E-05,25,0,5334,2948,3193,5579
261,2,IN,1,50,5.9503553162298E-05,25,0,5367,2031,8632,11968
262,2,TE,1,50,6.25808825287215E-05,25,0,5313,2926,3214,5601
263,2,IN,1,50,6.25808825287215E-05,25,0,5336,2024,8663,11975
264,2,TE,1,50,6.5797446331268E-05,25,0,5298,2907,3229,5620
265,2,IN,1,50,6.5797446331268E-05,25,0,5320,2015,8679,11984
266,2,TE,1,50,6.91627942420848E-05,25,0,5279,2883,3248,5644
267,2,IN,1,50,6.91627942420848E-05,25,0,5305,2004,8694,11995
268,2,TE,1,50,7.26826372011691E-05,25,0,5257,2863,3270,5664
269,2,IN,1,50,7.26826372011691E-05,25,0,5291,1993,8708,12006
270,2,TE,1,50,7.63726251628733E-05,25,0,5239,2841,3288,5686
271,2,IN,1,50,7.63726251628733E-05,25,0,5273,1983,8726,12016
272,2,TE,1,50,8.02413126351504E-05,25,0,5220,2814,3307,5713
273,2,IN,1,50,8.02413126351504E-05,25,0,5258,1969,8741,12030
274,2,TE,1,50,8.42929883734482E-05,25,0,5196,2795,3331,5732
275,2,IN,1,50,8.42929883734482E-05,25,0,5239,1960,8760,12039
276,2,TE,1,50,8.85408280925861E-05,25,0,5171,2777,3356,5750
277,2,IN,1,50,8.85408280925861E-05,25,0,5221,1945,8778,12054
278,2,TE,1,50,9.29962951204289E-05,25,0,5149,2755,3378,5772
279,2,IN,1,50,9.29962951204289E-05,25,0,5204,1930,8795,12069
280,2,TE,1,50,9.76699825394582E-05,25,0,5130,2729,3397,5798
281,2,IN,1,50,9.76699825394582E-05,25,0,5175,1911,8824,12088
282,2,TE,1,50,0.000102576075776,25,0,5106,2714,3421,5813
283,2,IN,1,50,0.000102576075776,25,0,5156,1898,8843,12101
284,2,TE,1,50,0.000107726236337,25,0,5084,2690,3443,5837
285,2,IN,1,50,0.000107726236337,25,0,5138,1884,8861,12115
286,2,TE,1,50,0.000113127610021,25,0,5058,2659,3469,5868
287,2,IN,1,50,0.000113127610021,25,0,5112,1874,8887,12125
288,2,TE,1,50,0.00011879367446,25,0,5036,2630,3491,5897
289,2,IN,1,50,0.00011879367446,25,0,5091,1854,8908,12145
290,2,TE,1,50,0.000124745167695,25,0,5012,2603,3515,5924
291,2,IN,1,50,0.000124745167695,25,0,5073,1834,8926,12165
292,2,TE,1,50,0.000130988437288,25,0,4995,2579,3532,5948
293,2,IN,1,50,0.000130988437288,25,0,5056,1821,8943,12178
294,2,TE,1,50,0.000137541339964,25,0,4971,2550,3556,5977
295,2,IN,1,50,0.000137541339964,25,0,5039,1794,8960,12205
296,2,TE,1,50,0.000144407188272,25,0,4941,2504,3586,6023
297,2,IN,1,50,0.000144407188272,25,0,5017,1777,8982,12222
298,2,TE,1,50,0.000151605839599,25,0,4919,2475,3608,6052
299,2,IN,1,50,0.000151605839599,25,0,4995,1759,9004,12240
300,2,TE,1,50,0.00015916267129,25,0,4900,2450,3627,6077
301,2,IN,1,50,0.00015916267129,25,0,4978,1733,9021,12266
302,2,TE,1,50,0.000167082900496,25,0,4871,2418,3656,6109
303,2,IN,1,50,0.000167082900496,25,0,4950,1705,9049,12294
304,2,TE,1,50,0.000175386829792,25,0,4837,2388,3690,6139
305,2,IN,1,50,0.000175386829792,25,0,4921,1671,9078,12328
306,2,TE,1,50,0.000184100105425,25,0,4810,2360,3717,6167
307,2,IN,1,50,0.000184100105425,25,0,4902,1654,9097,12345
308,2,TE,1,50,0.000193227330348,25,0,4782,2329,3745,6198
309,2,IN,1,50,0.000193227330348,25,0,4878,1637,9121,12362
310,2,TE,1,50,0.000202805185741,25,0,4754,2291,3773,6236
311,2,IN,1,50,0.000202805185741,25,0,4858,1611,9141,12388
312,2,TE,1,50,0.000212858582746,25,0,4719,2251,3808,6276
313,2,IN,1,50,0.000212858582746,25,0,4836,1583,9163,12416
314,2,TE,1,50,0.000223401472543,25,0,4690,2202,3837,6325
315,2,IN,1,50,0.000223401472543,25,0,4808,1551,9191,12448
316,2,TE,1,50,0.000234476149762,25,0,4662,2170,3865,6357
317,2,IN,1,50,0.000234476149762,25,0,4781,1517,9218,12482
318,2,TE,1,50,0.000246121082651,25,0,4633,2124,3894,6403
319,2,IN,1,50,0.000246121082651,25,0,4751,1495,9248,12504
320,2,TE,1,50,0.000258348874064,25,0,4607,2075,3920,6452
321,2,IN,1,50,0.000258348874064,25,0,4721,1472,9278,12527
322,2,TE,1,50,0.000271228016892,25,0,4580,2032,3947,6495
323,2,IN,1,50,0.000271228016892,25,0,4689,1448,9310,12551
324,2,TE,1,50,0.000284794286192,25,0,4549,1989,3978,6538
325,2,IN,1,50,0.000284794286192,25,0,4663,1421,9336,12578
326,2,TE,1,50,0.000299090676993,25,0,4522,1946,4005,6581
327,2,IN,1,50,0.000299090676993,25,0,4635,1394,9364,12605
328,2,TE,1,50,0.000314184851275,25,0,4497,1899,4030,6628
329,2,IN,1,50,0.000314184851275,25,0,4611,1361,9388,12638
330,2,TE,1,50,0.000330129344052,25,0,4460,1854,4067,6673
331,2,IN,1,50,0.000330129344052,25,0,4588,1334,9411,12665
332,2,TE,1,50,0.000347026414891,25,0,4425,1805,4102,6722
333,2,IN,1,50,0.000347026414891,25,0,4570,1304,9429,12695
334,2,TE,1,50,0.00036493262881,25,0,4387,1773,4140,6754
335,2,IN,1,50,0.00036493262881,25,0,4540,1273,9459,12726
336,2,TE,1,50,0.000383946288253,25,0,4348,1728,4179,6799
337,2,IN,1,50,0.000383946288253,25,0,4517,1249,9482,12750
338,2,TE,1,50,0.000404200069487,25,0,4324,1692,4203,6835
339,2,IN,1,50,0.000404200069487,25,0,4477,1221,9522,12778
340,2,TE,1,50,0.00042576309473,25,0,4294,1648,4233,6879
341,2,IN,1,50,0.00042576309473,25,0,4438,1192,9561,12807
342,2,TE,1,50,0.000448814286661,25,0,4260,1604,4267,6923
343,2,IN,1,50,0.000448814286661,25,0,4401,1168,9598,12831
344,2,TE,1,50,0.000473492829594,25,0,4232,1568,4295,6959
345,2,IN,1,50,0.000473492829594,25,0,4368,1150,9631,12849
346,2,TE,1,50,0.000500004735817,25,0,4195,1521,4332,7006
347,2,IN,1,50,0.000500004735817,25,0,4334,1120,9665,12879
348,2,TE,1,50,0.000528551519008,25,0,4157,1483,4370,7044
349,2,IN,1,50,0.000528551519008,25,0,4309,1085,9690,12914
350,2,TE,1,50,0.000559396230511,25,0,4128,1441,4399,7086
351,2,IN,1,50,0.000559396230511,25,0,4268,1059,9731,12940
352,2,TE,1,50,0.000592816286901,25,0,4092,1404,4435,7123
353,2,IN,1,50,0.000592816286901,25,0,4229,1025,9770,12974
354,2,TE,1,50,0.000629172145933,25,0,4061,1361,4466,7166
355,2,IN,1,50,0.000629172145933,25,0,4199,995,9800,13004
356,2,TE,1,50,0.000668890082854,25,0,4027,1317,4500,7210
357,2,IN,1,50,0.000668890082854,25,0,4164,968,9835,13031
358,2,TE,1,50,0.000712476481704,25,0,3980,1270,4547,7257
359,2,IN,1,50,0.000712476481704,25,0,4118,932,9881,13067
360,2,TE,1,50,0.000760594314714,25,0,3942,1211,4585,7316
361,2,IN,1,50,0.000760594314714,25,0,4095,902,9904,13097
362,2,TE,1,50,0.000813930760983,25,0,3902,1165,4625,7362
363,2,IN,1,50,0.000813930760983,25,0,4051,879,9948,13120
364,2,TE,1,50,0.000873362493104,25,0,3858,1112,4669,7415
365,2,IN,1,50,0.000873362493104,25,0,4015,844,9984,13155
366,2,TE,1,50,0.000940187015035,25,0,3815,1078,4712,7449
367,2,IN,1,50,0.000940187015035,25,0,3966,813,10033,13186
368,2,TE,1,50,0.001015783098601,25,0,3762,1029,4765,7498
369,2,IN,1,50,0.001015783098601,25,0,3927,781,10072,13218
370,2,TE,1,50,0.00110198326551,25,0,3702,982,4825,7545
371,2,IN,1,50,0.00110198326551,25,0,3892,744,10107,13255
372,2,TE,1,50,0.001201538362037,25,0,3654,920,4873,7607
373,2,IN,1,50,0.001201538362037,25,0,3854,711,10145,13288
374,2,TE,1,50,0.00131762066798,25,0,3592,865,4935,7662
375,2,IN,1,50,0.00131762066798,25,0,3811,677,10188,13322
376,2,TE,1,50,0.001454955671649,25,0,3543,818,4984,7709
377,2,IN,1,50,0.001454955671649,25,0,3769,639,10230,13360
378,2,TE,1,50,0.001620230337128,25,0,3482,776,5045,7751
379,2,IN,1,50,0.001620230337128,25,0,3731,603,10268,13396
380,2,TE,1,50,0.001822836690849,25,0,3415,719,5112,7808
381,2,IN,1,50,0.001822836690849,25,0,3680,564,10319,13435
382,2,TE,1,50,0.002077267795618,25,0,3346,657,5181,7870
383,2,IN,1,50,0.002077267795618,25,0,3616,522,10383,13477
384,2,TE,1,50,0.002406047242256,25,0,3270,594,5257,7933
385,2,IN,1,50,0.002406047242256,25,0,3564,473,10435,13526
386,2,TE,1,50,0.002846375048535,25,0,3187,552,5340,7975
387,2,IN,1,50,0.002846375048535,25,0,3494,421,10505,13578
388,2,TE,1,50,0.003464102733837,25,0,3110,473,5417,8054
389,2,IN,1,50,0.003464102733837,25,0,3423,371,10576,13628
390,2,TE,1,50,0.004381964885803,25,0,2971,401,5556,8126
391,2,IN,1,50,0.004381964885803,25,0,3343,319,10656,13680
392,2,TE,1,50,0.005862944543443,25,0,2820,320,5707,8207
393,2,IN,1,50,0.005862944543443,25,0,3242,270,10757,13729
394,2,TE,1,50,0.008576700452046,25,0,2630,242,5897,8285
395,2,IN,1,50,0.008576700452046,25,0,3110,216,10889,13783
396,2,TE,1,50,0.015003258994834,25,0,2333,165,6194,8362
397,2,IN,1,50,0.015003258994834,25,0,2911,131,11088,13868
398,2,TE,1,50,0.489354446203344,25,0,0,0,8527,8527
399,2,IN,1,50,0.489354446203344,25,0,0,0,13999,13999
400,2,TE,1,50,5.9401964429016E-07,50,0,4689,1887,3838,6640
401,2,IN,1,50,5.9401964429016E-07,50,0,4661,1323,9338,12676
402,2,TE,1,50,1.01653577881272E-06,50,0,4689,1887,3838,6640
403,2,IN,1,50,1.01653577881272E-06,50,0,4661,1323,9338,12676
404,2,TE,1,50,1.60930866681816E-06,50,0,4689,1887,3838,6640
405,2,IN,1,50,1.60930866681816E-06,50,0,4661,1323,9338,12676
406,2,TE,1,50,2.07791579854369E-06,50,0,4689,1887,3838,6640
407,2,IN,1,50,2.07791579854369E-06,50,0,4661,1323,9338,12676
408,2,TE,1,50,2.79033959837797E-06,50,0,4689,1887,3838,6640
409,2,IN,1,50,2.79033959837797E-06,50,0,4661,1323,9338,12676
410,2,TE,1,50,3.71708491097636E-06,50,0,4689,1887,3838,6640
411,2,IN,1,50,3.71708491097636E-06,50,0,4661,1322,9338,12677
412,2,TE,1,50,4.50595460435467E-06,50,0,4689,1887,3838,6640
413,2,IN,1,50,4.50595460435467E-06,50,0,4661,1322,9338,12677
414,2,TE,1,50,8.3219411631684E-06,50,0,4689,1887,3838,6640
415,2,IN,1,50,8.3219411631684E-06,50,0,4660,1320,9339,12679
416,2,TE,1,50,1.10189539060863E-05,50,0,4685,1885,3842,6642
417,2,IN,1,50,1.10189539060863E-05,50,0,4654,1320,9345,12679
418,2,TE,1,50,1.34023598507481E-05,50,0,4682,1883,3845,6644
419,2,IN,1,50,1.34023598507481E-05,50,0,4649,1320,9350,12679
420,2,TE,1,50,1.55044306682279E-05,50,0,4678,1882,3849,6645
421,2,IN,1,50,1.55044306682279E-05,50,0,4644,1318,9355,12681
422,2,TE,1,50,1.74710712477528E-05,50,0,4673,1880,3854,6647
423,2,IN,1,50,1.74710712477528E-05,50,0,4642,1318,9357,12681
424,2,TE,1,50,1.93668590828671E-05,50,0,4668,1877,3859,6650
425,2,IN,1,50,1.93668590828671E-05,50,0,4638,1314,9361,12685
426,2,TE,1,50,2.12282578799769E-05,50,0,4657,1875,3870,6652
427,2,IN,1,50,2.12282578799769E-05,50,0,4634,1314,9365,12685
428,2,TE,1,50,2.30797832955432E-05,50,0,4652,1873,3875,6654
429,2,IN,1,50,2.30797832955432E-05,50,0,4628,1314,9371,12685
430,2,TE,1,50,2.49376892108038E-05,50,0,4647,1871,3880,6656
431,2,IN,1,50,2.49376892108038E-05,50,0,4623,1313,9376,12686
432,2,TE,1,50,2.68150163260749E-05,50,0,4642,1868,3885,6659
433,2,IN,1,50,2.68150163260749E-05,50,0,4616,1312,9383,12687
434,2,TE,1,50,2.87201597183622E-05,50,0,4636,1868,3891,6659
435,2,IN,1,50,2.87201597183622E-05,50,0,4613,1309,9386,12690
436,2,TE,1,50,3.06630362834121E-05,50,0,4631,1862,3896,6665
437,2,IN,1,50,3.06630362834121E-05,50,0,4609,1305,9390,12694
438,2,TE,1,50,3.26514704527524E-05,50,0,4623,1858,3904,6669
439,2,IN,1,50,3.26514704527524E-05,50,0,4606,1298,9393,12701
440,2,TE,1,50,3.46938705011395E-05,50,0,4603,1852,3924,6675
441,2,IN,1,50,3.46938705011395E-05,50,0,4597,1295,9402,12704
442,2,TE,1,50,3.67942413347423E-05,50,0,4591,1846,3936,6681
443,2,IN,1,50,3.67942413347423E-05,50,0,4591,1295,9408,12704
444,2,TE,1,50,3.89615017830839E-05,50,0,4580,1842,3947,6685
445,2,IN,1,50,3.89615017830839E-05,50,0,4587,1291,9412,12708
446,2,TE,1,50,4.12018153236624E-05,50,0,4568,1840,3959,6687
447,2,IN,1,50,4.12018153236624E-05,50,0,4576,1288,9423,12711
448,2,TE,1,50,4.35222704263209E-05,50,0,4563,1832,3964,6695
449,2,IN,1,50,4.35222704263209E-05,50,0,4569,1286,9430,12713
450,2,TE,1,50,4.59306206541746E-05,50,0,4554,1821,3973,6706
451,2,IN,1,50,4.59306206541746E-05,50,0,4560,1281,9439,12718
452,2,TE,1,50,4.84307489109334E-05,50,0,4539,1814,3988,6713
453,2,IN,1,50,4.84307489109334E-05,50,0,4553,1276,9446,12723
454,2,TE,1,50,5.1031574202349E-05,50,0,4531,1801,3996,6726
455,2,IN,1,50,5.1031574202349E-05,50,0,4548,1270,9451,12729
456,2,TE,1,50,5.37386395693521E-05,50,0,4513,1786,4014,6741
457,2,IN,1,50,5.37386395693521E-05,50,0,4539,1265,9460,12734
458,2,TE,1,50,5.65583475379724E-05,50,0,4503,1772,4024,6755
459,2,IN,1,50,5.65583475379724E-05,50,0,4530,1254,9469,12745
460,2,TE,1,50,5.9503553162298E-05,50,0,4500,1754,4027,6773
461,2,IN,1,50,5.9503553162298E-05,50,0,4518,1251,9481,12748
462,2,TE,1,50,6.25808825287215E-05,50,0,4490,1735,4037,6792
463,2,IN,1,50,6.25808825287215E-05,50,0,4500,1247,9499,12752
464,2,TE,1,50,6.5797446331268E-05,50,0,4475,1725,4052,6802
465,2,IN,1,50,6.5797446331268E-05,50,0,4490,1244,9509,12755
466,2,TE,1,50,6.91627942420848E-05,50,0,4461,1717,4066,6810
467,2,IN,1,50,6.91627942420848E-05,50,0,4480,1236,9519,12763
468,2,TE,1,50,7.26826372011691E-05,50,0,4448,1699,4079,6828
469,2,IN,1,50,7.26826372011691E-05,50,0,4472,1231,9527,12768
470,2,TE,1,50,7.63726251628733E-05,50,0,4440,1683,4087,6844
471,2,IN,1,50,7.63726251628733E-05,50,0,4458,1226,9541,12773
472,2,TE,1,50,8.02413126351504E-05,50,0,4424,1669,4103,6858
473,2,IN,1,50,8.02413126351504E-05,50,0,4453,1220,9546,12779
474,2,TE,1,50,8.42929883734482E-05,50,0,4410,1649,4117,6878
475,2,IN,1,50,8.42929883734482E-05,50,0,4443,1209,9556,12790
476,2,TE,1,50,8.85408280925861E-05,50,0,4392,1640,4135,6887
477,2,IN,1,50,8.85408280925861E-05,50,0,4432,1198,9567,12801
478,2,TE,1,50,9.29962951204289E-05,50,0,4374,1633,4153,6894
479,2,IN,1,50,9.29962951204289E-05,50,0,4421,1190,9578,12809
480,2,TE,1,50,9.76699825394582E-05,50,0,4363,1620,4164,6907
481,2,IN,1,50,9.76699825394582E-05,50,0,4399,1176,9600,12823
482,2,TE,1,50,0.000102576075776,50,0,4348,1605,4179,6922
483,2,IN,1,50,0.000102576075776,50,0,4387,1172,9612,12827
484,2,TE,1,50,0.000107726236337,50,0,4335,1586,4192,6941
485,2,IN,1,50,0.000107726236337,50,0,4374,1159,9625,12840
486,2,TE,1,50,0.000113127610021,50,0,4313,1562,4214,6965
487,2,IN,1,50,0.000113127610021,50,0,4359,1153,9640,12846
488,2,TE,1,50,0.00011879367446,50,0,4302,1536,4225,6991
489,2,IN,1,50,0.00011879367446,50,0,4341,1141,9658,12858
490,2,TE,1,50,0.000124745167695,50,0,4288,1522,4239,7005
491,2,IN,1,50,0.000124745167695,50,0,4326,1131,9673,12868
492,2,TE,1,50,0.000130988437288,50,0,4275,1500,4252,7027
493,2,IN,1,50,0.000130988437288,50,0,4316,1124,9683,12875
494,2,TE,1,50,0.000137541339964,50,0,4259,1491,4268,7036
495,2,IN,1,50,0.000137541339964,50,0,4304,1114,9695,12885
496,2,TE,1,50,0.000144407188272,50,0,4237,1467,4290,7060
497,2,IN,1,50,0.000144407188272,50,0,4291,1108,9708,12891
498,2,TE,1,50,0.000151605839599,50,0,4223,1447,4304,7080
499,2,IN,1,50,0.000151605839599,50,0,4283,1095,9716,12904
500,2,TE,1,50,0.00015916267129,50,0,4207,1439,4320,7088
501,2,IN,1,50,0.00015916267129,50,0,4272,1075,9727,12924
502,2,TE,1,50,0.000167082900496,50,0,4191,1419,4336,7108
503,2,IN,1,50,0.000167082900496,50,0,4256,1058,9743,12941
504,2,TE,1,50,0.000175386829792,50,0,4166,1395,4361,7132
505,2,IN,1,50,0.000175386829792,50,0,4239,1044,9760,12955
506,2,TE,1,50,0.000184100105425,50,0,4151,1364,4376,7163
507,2,IN,1,50,0.000184100105425,50,0,4223,1034,9776,12965
508,2,TE,1,50,0.000193227330348,50,0,4133,1348,4394,7179
509,2,IN,1,50,0.000193227330348,50,0,4202,1016,9797,12983
510,2,TE,1,50,0.000202805185741,50,0,4119,1320,4408,7207
511,2,IN,1,50,0.000202805185741,50,0,4188,1001,9811,12998
512,2,TE,1,50,0.000212858582746,50,0,4096,1302,4431,7225
513,2,IN,1,50,0.000212858582746,50,0,4169,988,9830,13011
514,2,TE,1,50,0.000223401472543,50,0,4079,1280,4448,7247
515,2,IN,1,50,0.000223401472543,50,0,4149,967,9850,13032
516,2,TE,1,50,0.000234476149762,50,0,4063,1259,4464,7268
517,2,IN,1,50,0.000234476149762,50,0,4131,944,9868,13055
518,2,TE,1,50,0.000246121082651,50,0,4048,1234,4479,7293
519,2,IN,1,50,0.000246121082651,50,0,4107,930,9892,13069
520,2,TE,1,50,0.000258348874064,50,0,4030,1207,4497,7320
521,2,IN,1,50,0.000258348874064,50,0,4086,915,9913,13084
522,2,TE,1,50,0.000271228016892,50,0,4015,1179,4512,7348
523,2,IN,1,50,0.000271228016892,50,0,4071,901,9928,13098
524,2,TE,1,50,0.000284794286192,50,0,3995,1154,4532,7373
525,2,IN,1,50,0.000284794286192,50,0,4054,881,9945,13118
526,2,TE,1,50,0.000299090676993,50,0,3979,1133,4548,7394
527,2,IN,1,50,0.000299090676993,50,0,4038,863,9961,13136
528,2,TE,1,50,0.000314184851275,50,0,3959,1110,4568,7417
529,2,IN,1,50,0.000314184851275,50,0,4018,847,9981,13152
530,2,TE,1,50,0.000330129344052,50,0,3931,1092,4596,7435
531,2,IN,1,50,0.000330129344052,50,0,4002,830,9997,13169
532,2,TE,1,50,0.000347026414891,50,0,3906,1065,4621,7462
533,2,IN,1,50,0.000347026414891,50,0,3991,810,10008,13189
534,2,TE,1,50,0.00036493262881,50,0,3887,1044,4640,7483
535,2,IN,1,50,0.00036493262881,50,0,3969,797,10030,13202
536,2,TE,1,50,0.000383946288253,50,0,3861,1024,4666,7503
537,2,IN,1,50,0.000383946288253,50,0,3951,789,10048,13210
538,2,TE,1,50,0.000404200069487,50,0,3845,1010,4682,7517
539,2,IN,1,50,0.000404200069487,50,0,3932,765,10067,13234
540,2,TE,1,50,0.00042576309473,50,0,3822,978,4705,7549
541,2,IN,1,50,0.00042576309473,50,0,3914,747,10085,13252
542,2,TE,1,50,0.000448814286661,50,0,3805,957,4722,7570
543,2,IN,1,50,0.000448814286661,50,0,3891,729,10108,13270
544,2,TE,1,50,0.000473492829594,50,0,3785,939,4742,7588
545,2,IN,1,50,0.000473492829594,50,0,3870,719,10129,13280
546,2,TE,1,50,0.000500004735817,50,0,3762,923,4765,7604
547,2,IN,1,50,0.000500004735817,50,0,3850,710,10149,13289
548,2,TE,1,50,0.000528551519008,50,0,3732,903,4795,7624
549,2,IN,1,50,0.000528551519008,50,0,3830,698,10169,13301
550,2,TE,1,50,0.000559396230511,50,0,3712,893,4815,7634
551,2,IN,1,50,0.000559396230511,50,0,3808,686,10191,13313
552,2,TE,1,50,0.000592816286901,50,0,3692,879,4835,7648
553,2,IN,1,50,0.000592816286901,50,0,3785,670,10214,13329
554,2,TE,1,50,0.000629172145933,50,0,3669,850,4858,7677
555,2,IN,1,50,0.000629172145933,50,0,3767,652,10232,13347
556,2,TE,1,50,0.000668890082854,50,0,3636,825,4891,7702
557,2,IN,1,50,0.000668890082854,50,0,3748,634,10251,13365
558,2,TE,1,50,0.000712476481704,50,0,3607,799,4920,7728
559,2,IN,1,50,0.000712476481704,50,0,3718,615,10281,13384
560,2,TE,1,50,0.000760594314714,50,0,3583,778,4944,7749
561,2,IN,1,50,0.000760594314714,50,0,3706,596,10293,13403
562,2,TE,1,50,0.000813930760983,50,0,3555,748,4972,7779
563,2,IN,1,50,0.000813930760983,50,0,3683,581,10316,13418
564,2,TE,1,50,0.000873362493104,50,0,3531,730,4996,7797
565,2,IN,1,50,0.000873362493104,50,0,3663,564,10336,13435
566,2,TE,1,50,0.000940187015035,50,0,3507,708,5020,7819
567,2,IN,1,50,0.000940187015035,50,0,3631,547,10368,13452
568,2,TE,1,50,0.001015783098601,50,0,3467,675,5060,7852
569,2,IN,1,50,0.001015783098601,50,0,3603,524,10396,13475
570,2,TE,1,50,0.00110198326551,50,0,3420,650,5107,7877
571,2,IN,1,50,0.00110198326551,50,0,3582,501,10417,13498
572,2,TE,1,50,0.001201538362037,50,0,3392,617,5135,7910
573,2,IN,1,50,0.001201538362037,50,0,3560,485,10439,13514
574,2,TE,1,50,0.00131762066798,50,0,3348,583,5179,7944
575,2,IN,1,50,0.00131762066798,50,0,3531,471,10468,13528
576,2,TE,1,50,0.001454955671649,50,0,3306,556,5221,7971
577,2,IN,1,50,0.001454955671649,50,0,3506,453,10493,13546
578,2,TE,1,50,0.001620230337128,50,0,3259,530,5268,7997
579,2,IN,1,50,0.001620230337128,50,0,3477,428,10522,13571
580,2,TE,1,50,0.001822836690849,50,0,3211,500,5316,8027
581,2,IN,1,50,0.001822836690849,50,0,3449,399,10550,13600
582,2,TE,1,50,0.002077267795618,50,0,3155,463,5372,8064
583,2,IN,1,50,0.002077267795618,50,0,3407,375,10592,13624
584,2,TE,1,50,0.002406047242256,50,0,3093,439,5434,8088
585,2,IN,1,50,0.002406047242256,50,0,3368,350,10631,13649
586,2,TE,1,50,0.002846375048535,50,0,3034,407,5493,8120
587,2,IN,1,50,0.002846375048535,50,0,3324,324,10675,13675
588,2,TE,1,50,0.003464102733837,50,0,2972,359,5555,8168
589,2,IN,1,50,0.003464102733837,50,0,3271,294,10728,13705
590,2,TE,1,50,0.004381964885803,50,0,2862,311,5665,8216
591,2,IN,1,50,0.004381964885803,50,0,3212,263,10787,13736
592,2,TE,1,50,0.005862944543443,50,0,2733,258,5794,8269
593,2,IN,1,50,0.005862944543443,50,0,3135,231,10864,13768
594,2,TE,1,50,0.008576700452046,50,0,2558,204,5969,8323
595,2,IN,1,50,0.008576700452046,50,0,3030,188,10969,13811
596,2,TE,1,50,0.015003258994834,50,0,2296,153,6231,8374
597,2,IN,1,50,0.015003258994834,50,0,2860,119,11139,13880
598,2,TE,1,50,0.489354446203344,50,0,0,0,8527,8527
599,2,IN,1,50,0.489354446203344,50,0,0,0,13999,13999
 ,2,TE,1,50,0.1,1,0,749,23,7778,8504
 ,2,IN,1,50,0.1,1,0,1132,14,12867,13985
 ,2,TE,1,50,0.2,1,0,138,1,8389,8526
